{
    "posts": [
        {
            "id": 1,
            "title": "json-server",
            "author": "typicode"
        },
        {
            "id": 2,
            "title": "json-server test",
            "author": "test"
        },
        {
            "id": 3,
            "title": "제이슨 서버",
            "author": "테스터"
        }
    ],
    "comments": [
        {
            "id": 1,
            "body": "some comment",
            "postId": 1
        }
    ],
    "profile": {
        "name": "typicode"
    }
}